,,,,,,,,,,,
name, state,location,course_level,fees,branches,", min_score", max_score, review_text, rating.,,
Central Institute of Plastic Engineering and Technology,Odisha, Bhubaneswar,UG,240000,Integrated M.Sc. in Material Science and Engg,500506,995058,good,4,,
Central Institute of Plastic Engineering and Technology,Odisha, Bhubaneswar,UG,240000,Manufacturing Engineering & Technology,480483,1006885,good,4,,
Central Institute of Plastic Engineering and Technology,Odisha, Bhubaneswar,UG,240004,Plastic Engineering,185541,1105236,good,4,,
College of Engineering and Technology,Odisha, Bhubaneswar,UG,280000,B ARCH,2018,9799,good,4,,
College of Engineering and Technology,Odisha, Bhubaneswar,UG,280000,B. PLAN,1331,998798,good,4,,
College of Engineering and Technology,Odisha, Bhubaneswar,UG,280000,Bio Technology(SSC),104280,234748,good,4,,
College of Engineering and Technology,Odisha, Bhubaneswar,UG,280000,Civil Engineering,76043,197109,good,4,,
College of Engineering and Technology,Odisha, Bhubaneswar,UG,280000,Computer Science and Engineering(SSC),29654,55566,good,4,,
College of Engineering and Technology,Odisha, Bhubaneswar,UG,280000,Electrical Engineering,28548,100288,good,4,,
College of Engineering and Technology,Odisha, Bhubaneswar,UG,280000,Electronics & Instrumentation Engineering,65099,146344,good,4,,
College of Engineering and Technology,Odisha, Bhubaneswar,UG,280000,Fashion & Apparel  Technology(SSC),291793,1103228,good,4,,
College of Engineering and Technology,Odisha, Bhubaneswar,UG,280000,Information Technology(SSC),56386,76736,good,4,,
College of Engineering and Technology,Odisha, Bhubaneswar,UG,280000,Integrated MSc in Applied Chemistry,65616,531689,good,4,,
College of Engineering and Technology,Odisha, Bhubaneswar,UG,280000,Integrated MSc in Applied Physics,92352,543204,good,4,,
College of Engineering and Technology,Odisha, Bhubaneswar,UG,280000,Integrated MSc in Mathematics and Computing,90034,546933,good,4,,
College of Engineering and Technology,Odisha, Bhubaneswar,UG,280000,Mechanical Engineering,61700,138881,good,4,,
College of Engineering and Technology,Odisha, Bhubaneswar,UG,80000,Textile Engineering,204665,617577,good,4,,
Government College of Engineering ,Odisha, Kalahandi,UG,80000,Civil Engineering,380314,1103577,good,4,,
Government College of Engineering ,Odisha, Kalahandi,UG,80000,Computer Science and Engineering,209595,389530,good,4,,
Government College of Engineering ,Odisha, Kalahandi,UG,80000,Electrical Engineering,396077,1103800,good,4,,
Government College of Engineering ,Odisha, Kalahandi,UG,80000,Mechanical Engineering,399498,1103930,good,4,,
Government College of Engineering,Odisha, Keonjhar,UG,80000,Civil Engineering,287225,1100049,good,4,,
Government College of Engineering,Odisha, Keonjhar,PG,80000,Computer Science and Engineering,118741,317462,good,4,,
Government College of Engineering,Odisha, Keonjhar,UG,80000,Electrical Engineering,288459,1101052,good,4,,
Government College of Engineering,Odisha, Keonjhar,UG,80000,Mechanical Engineering,214983,968568,good,4,,
Government College of Engineering,Odisha, Keonjhar,UG,80000,Metallurgical and Materials Engineering,321841,998911,good,4,,
Government College of Engineering,Odisha, Keonjhar,UG,80000,Mineral Engineering,475293,1104612,good,4,,
Government College of Engineering,Odisha, Keonjhar,UG,80000,Mining Engineering,116246,392350,good,4,,
Indira Gandhi Institute of Technology,Odisha, Sarang,UG,100000,Chemical Engineering,243932,583695,good,4,,
Indira Gandhi Institute of Technology,Odisha, Sarang,UG,100000,Civil Engineering,178066,439072,good,4,,
Indira Gandhi Institute of Technology,Odisha, Sarang,UG,100000,Computer Science and Engineering(SSC),69372,149276,good,3,,
Indira Gandhi Institute of Technology,Odisha, Sarang,UG,100000,Electrical Engineering,158535,318444,good,3,,
Indira Gandhi Institute of Technology,Odisha, Sarang,UG,100000,Electronics & Telecommunication Engineering(SSC),157980,356370,good,3,,
Indira Gandhi Institute of Technology,Odisha, Sarang,UG,100000,Mechanical Engineering,173232,357066,good,3,,
Indira Gandhi Institute of Technology,Odisha, Sarang,UG,100000,Metallurgical and Materials Engineering,182008,622133,good,3,,
Indira Gandhi Institute of Technology,Odisha, Sarang,UG,100000,Production Engineering,439418,1104027,good,3,,
Parala Maharaja Engineering College,Odisha, Berhampur,UG,100000,Automobile Engineering,371704,1104529,good,3,,
Parala Maharaja Engineering College,Odisha, Berhampur,UG,100000,Chemical Engineering,509852,1105079,good,3,,
Parala Maharaja Engineering College,Odisha, Berhampur,UG,100000,Civil Engineering,154053,1106286,good,3,,
Parala Maharaja Engineering College,Odisha, Berhampur,UG,100000,Computer Science and Engineering,101120,228688,good,3,,
Parala Maharaja Engineering College,Odisha, Berhampur,UG,100000,Electrical Engineering,240845,1102222,good,3,,
Parala Maharaja Engineering College,Odisha, Berhampur,UG,100000,Electronics & Telecommunication Engineering,188545,497701,good,3,,
Parala Maharaja Engineering College,Odisha, Berhampur,UG,100000,Mechanical Engineering,203986,1106001,good,3,,
Parala Maharaja Engineering College,Odisha, Berhampur,UG,100000,Metallurgical and Materials Engineering,512697,697117,good,3,,
Parala Maharaja Engineering College,Odisha, Berhampur,UG,100000,Production Engineering,300016,1015340,good,3,,
Sambalpur University Institute of Information Technology,Odisha,Sambalpur,UG,100000,Computer Science and Engineering(SSC),122971,698114,good,3,,
Sambalpur University Institute of Information Technology,Odisha,Sambalpur,UG,100000,Electrical and Electronics Engineering(SSC),158193,1102182,good,3,,
Sambalpur University Institute of Information Technology,Odisha,Sambalpur,UG,100000,Electronics & Communication Engineering(SSC),186923,1101744,good,3,,
Veer Surendra Sai University of Technology,Odisha, Burla,UG,100000,B ARCH,8113,17975,good,3,,
Veer Surendra Sai University of Technology,Odisha, Burla,PG,100000,"B. Tech in Civil Engineering & M.Tech in Structural
Engineering (5 year Integrated UG & PG)",148075,307873,good,3,,
Veer Surendra Sai University of Technology,Odisha, Burla,UG,100000,"B. Tech in Electrical Engineering & M.Tech in Power System
Engineering (5 year Integrated UG & PG)",85593,232866,good,3,,
Veer Surendra Sai University of Technology,Odisha, Burla,UG,100000,Chemical Engineering,105741,289176,good,3,,
Veer Surendra Sai University of Technology,Odisha, Burla,UG,100000,Civil Engineering,115940,226738,good,3,,
Veer Surendra Sai University of Technology,Odisha, Burla,UG,100000,Civil Engineering(SSC),216208,301322,good,3,,
Veer Surendra Sai University of Technology,Odisha, Burla,UG,100000,Computer Science and Engineering,43856,67879,good,3,,
Veer Surendra Sai University of Technology,Odisha, Burla,UG,100000,Computer Science and Engineering(SSC),54953,72166,good,3,,
Veer Surendra Sai University of Technology,Odisha, Burla,UG,100000,Electrical and Electronics Engineering,41807,113772,good,3,,
Veer Surendra Sai University of Technology,Odisha, Burla,UG,100000,Electrical and Electronics Engineering(SSC),115833,184650,good,3,,
Veer Surendra Sai University of Technology,Odisha, Burla,UG,100000,Electrical Engineering,32986,173959,good,3,,
Veer Surendra Sai University of Technology,Odisha, Burla,UG,100000,Electronics & Telecommunication Engineering,62600,161504,good,3,,
Veer Surendra Sai University of Technology,Odisha, Burla,UG,100000,Information Technology(SSC),63525,96255,good,3,,
Veer Surendra Sai University of Technology,Odisha, Burla,UG,100000,Mechanical Engineering,51201,179009,good,3,,
Veer Surendra Sai University of Technology,Odisha, Burla,UG,100000,Metallurgical and Materials Engineering,174158,364290,good,3,,
Veer Surendra Sai University of Technology,Odisha, Burla,UG,100000,Production Engineering,217415,424414,good,3,,
Veer Surendra Sai University of Technology,Odisha, Burla,UG,100000,Production Engineering(SSC),303638,530495,good,3,,
Adarsha College of Engineering,Odisha, Angul,UG,1000000,Computer Science and Engineering,540105,581382,good,3,,
Ajay Binaya Institute of Technology,Odisha, Cuttack,UG,100000,Computer Science and Engineering,513118,1106574,good,3,,
Ajay Binaya Institute of Technology,Odisha, Cuttack,UG,100000,Electrical and Computer Engineering,796202,924246,good,3,,
Ajay Binaya Institute of Technology,Odisha, Cuttack,UG,100000,Electrical Engineering,1101328,1105634,good,3,,
Ajay Binaya Institute of Technology,Odisha, Cuttack,UG,100000,Mechanical Engineering,1100461,1104852,good,3,,
Aryan Institute of Engineering & Technology,Odisha, Barakuda,UG,100000,Civil Engineering,1100362,1104723,good,5,,
Aryan Institute of Engineering & Technology,Odisha, Barakuda,UG,100000,Computer Science and Engineering,386139,1105240,good,5,,
Aryan Institute of Engineering & Technology,Odisha, Barakuda,UG,100000,Electrical and Electronics Engineering,789225,1106472,good,5,,
Aryan Institute of Engineering & Technology,Odisha, Barakuda,UG,100000,Electrical Engineering,1102715,1102715,good,5,,
Aryan Institute of Engineering & Technology,Odisha, Barakuda,UG,100000,Electronics & Communication Engineering,906717,1105959,good,5,,
Aryan Institute of Engineering & Technology,Odisha, Barakuda,UG,100000,Mechanical Engineering,838897,1106102,good,5,,
Balasore College of Engineering & Technology,Odisha, Balasore,UG,100000,Civil Engineering,955694,955694,good,5,,
Balasore College of Engineering & Technology,Odisha, Balasore,UG,100000,Computer Science and Engineering,563957,1105902,good,5,,
Balasore College of Engineering & Technology,Odisha, Balasore,UG,100000,Electrical and Electronics Engineering,443209,443209,good,5,,
Balasore College of Engineering & Technology,Odisha, Balasore,UG,100000,Electrical Engineering,956570,963052,good,5,,
Balasore College of Engineering & Technology,Odisha, Balasore,UG,100000,Mechanical Engineering,1103603,1104044,good,5,,
Bhadrak Institute of Engineering & Technology,Odisha, Bhadrak,UG,100000,Civil Engineering,1104595,1104771,good,5,,
Bhadrak Institute of Engineering & Technology,Odisha, Bhadrak,UG,100000,Computer Science and Engineering,907096,1106288,good,5,,
Bhadrak Institute of Engineering & Technology,Odisha, Bhadrak,UG,100000,Mechanical Engineering,1101527,1104935,good,5,,
Bhubaneswar College of Engineering ,Odisha, Khurda,UG,100000,Civil Engineering,1105232,1105483,good,5,,
Bhubaneswar College of Engineering ,Odisha, Khurda,UG,100000,Computer Science and Engineering,426678,1103513,good,5,,
Bhubaneswar College of Engineering ,Odisha, Khurda,UG,100000,Electrical Engineering,943249,995010,good,5,,
Bhubaneswar College of Engineering ,Odisha, Khurda,UG,100000,Electronics & Communication Engineering,1101569,1102873,good,5,,
Bhubaneswar Engineering College,Odisha, Bhubaneswar,UG,100000,Aeronautical Engineering,772288,1105552,good,5,,
Bhubaneswar Engineering College,Odisha, Bhubaneswar,UG,100000,Civil Engineering,653654,1106483,good,5,,
Bhubaneswar Engineering College,Odisha, Bhubaneswar,UG,100000,Computer Science and Engineering,931299,1106087,good,5,,
Bhubaneswar Engineering College,Odisha, Bhubaneswar,UG,100000,Mechanical Engineering,1103817,1106090,good,5,,
Bhubaneswar Institute of Industrial Technology,Odisha, Retanga,UG,100000,Civil Engineering,1103722,1103722,good,5,,
Bhubaneswar Institute of Industrial Technology,Odisha, Retanga,UG,100000,Mechanical Engineering,883661,895536,good,5,,
Bhubaneswar Institute of Industrial Technology,Odisha, Retanga,UG,100000,Mining Engineering,789147,1105126,good,5,,
Bhubaneswar Institute of Technology,Odisha, Bhubaneswar,UG,100000,Civil Engineering,1101346,1101816,good,5,,
Bhubaneswar Institute of Technology,Odisha, Bhubaneswar,UG,100000,Computer Science and Engineering,975875,1105883,good,5,,
Bhubaneswar Institute of Technology,Odisha, Bhubaneswar,UG,100000,Electrical and Electronics Engineering,1105065,1106385,good,5,,
Bhubaneswar Institute of Technology,Odisha, Bhubaneswar,UG,100000,Electronics & Communication Engineering,1105905,1105905,good,5,,
Bhubaneswar Institute of Technology,Odisha, Bhubaneswar,UG,100000,Mechanical Engineering,1103305,1104646,good,3.5,,
Black Diamond College of Engineering and Technology,Odisha, Jharsuguda,UG,100000,Computer Science and Engineering,1100596,1106432,good,3.5,,
Black Diamond College of Engineering and Technology,Odisha, Jharsuguda,UG,100000,Mechanical Engineering,727588,1104253,good,3.5,,
C. V. Raman Global University,Odisha, Bhubaneswar,UG,1200000,Chemical Engineering,825309,825309,good,3.5,,
C. V. Raman Global University,Odisha, Bhubaneswar,UG,1200000,Civil Engineering,583696,719149,good,3.5,,
C. V. Raman Global University,Odisha, Bhubaneswar,UG,1200000,Computer Engineering,924445,981328,good,3.5,,
C. V. Raman Global University,Odisha, Bhubaneswar,UG,1200000,Computer Engineering (Software Engg),385279,1102954,good,3.5,,
C. V. Raman Global University,Odisha, Bhubaneswar,UG,1200000,Computer science & Engineering (Data Science),648306,866000,good,3.5,,
C. V. Raman Global University,Odisha, Bhubaneswar,UG,1200000,Computer Science and Engineering,164680,1100020,good,3.5,,
C. V. Raman Global University,Odisha, Bhubaneswar,UG,1200000,"Computer Science and Engineering (IoT and Cyber Security
Including block chain technology)",573769,573769,good,3.5,,
C. V. Raman Global University,Odisha, Bhubaneswar,UG,1200000,Computer Science and Information Technology,412993,1103619,good,3.5,,
C. V. Raman Global University,Odisha, Bhubaneswar,UG,1200000,"Computer Science Engineering (Artificial Inteligence and
Machine Learning)",340490,1100401,good,3.5,,
C. V. Raman Global University,Odisha, Bhubaneswar,UG,1200000,Electrical and Electronics Engineering,679100,908650,good,3.5,,
C. V. Raman Global University,Odisha, Bhubaneswar,UG,1200000,Electrical Engineering,290292,290292,good,3.5,,
C. V. Raman Global University,Odisha, Bhubaneswar,UG,1200000,Electronics & Telecommunication Engineering,929068,929068,good,3.5,,
Capital Engineering College,Odisha, Khurda,UG,1200000,Civil Engineering,1103035,1104901,good,3.5,,
Capital Engineering College,Odisha, Khurda,UG,1200000,Computer Science and Engineering,577755,1104813,good,3.5,,
Capital Engineering College,Odisha, Khurda,UG,1200000,Electrical and Electronics Engineering,1100508,1105964,good,3.5,,
Capital Engineering College,Odisha, Khurda,UG,1200000,Electrical Engineering,1101121,1106471,good,3.5,,
Capital Engineering College,Odisha, Khurda,UG,1200000,Mechanical Engineering,1103988,1105975,good,3.5,,
College of Engineering,Odisha, Bhubaneswar,UG,1200000,Civil Engineering,898022,1015835,good,3.5,,
College of Engineering,Odisha, Bhubaneswar,UG,1200000,Computer Science and Engineering,361740,999936,good,3.5,,
College of Engineering,Odisha, Bhubaneswar,UG,1200000,Electronics & Telecommunication Engineering,1101534,1101534,good,3.5,,
College of Engineering,Odisha, Bhubaneswar,UG,1200000,Mechanical Engineering,1105893,1105893,good,3.5,,
DRIEMS,Odisha, Cuttack,UG,1200000,Civil Engineering,1103902,1106037,good,3.5,,
DRIEMS,Odisha, Cuttack,UG,1200000,Computer Science and Engineering,672919,1106068,good,3.5,,
DRIEMS,Odisha, Cuttack,UG,1200000,Electrical and Electronics Engineering,564145,1104706,good,3.5,,
DRIEMS,Odisha, Cuttack,UG,1200000,Electrical Engineering,1100403,1102453,good,3.5,,
DRIEMS,Odisha, Cuttack,UG,1200000,Electronics & Telecommunication Engineering,1101714,1101714,good,3.5,,
DRIEMS,Odisha, Cuttack,UG,200000,Mechanical Engineering,839978,1105419,good,3.5,,
Eastern Academy of Science and Technology,Odisha, Phulanakhara,UG,200000,Computer Science and Engineering,1105302,1106379,good,3.5,,
Eastern Academy of Science and Technology,Odisha, Phulanakhara,UG,200000,Electrical Engineering,1105176,1106588,good,3.5,,
Eastern Academy of Science and Technology,Odisha, Phulanakhara,UG,200000,Mechanical Engineering,1104406,1104406,good,3.5,,
Einstein Academy of Technology and Management,Odisha, Baniatangi,UG,200000,Civil Engineering,1007550,1106389,good,3.5,,
Einstein Academy of Technology and Management,Odisha, Baniatangi,UG,200000,Computer Science and Engineering,622963,1106347,good,3.5,,
Einstein Academy of Technology and Management,Odisha, Baniatangi,UG,200000,Mechanical Engineering,836319,1106059,good,3.5,,
Gandhi Academy of Technology and Engineering,Odisha, Berhampur,UG,200000,Civil Engineering,1102227,1104405,good,3.5,,
Gandhi Academy of Technology and Engineering,Odisha, Berhampur,UG,200000,Computer Science and Engineering,554990,1106530,good,3.5,,
Gandhi Academy of Technology and Engineering,Odisha, Berhampur,UG,200000,Electrical Engineering,1102975,1106257,good,3.5,,
Gandhi Academy of Technology and Engineering,Odisha, Berhampur,UG,200000,Electronics & Communication Engineering,416291,1105016,good,3.5,,
Gandhi Academy of Technology and Engineering,Odisha, Berhampur,UG,200000,Mechanical Engineering,1101059,1105857,good,3.5,,
Gandhi Engineering College,Odisha, Bhubaneswar,UG,200000,Civil Engineering,1103041,1104678,good,4.5,,
Gandhi Engineering College,Odisha, Bhubaneswar,UG,200000,Computer Science and Engineering,417675,1105515,good,4.5,,
Gandhi Engineering College,Odisha, Bhubaneswar,UG,200000,Electrical and Computer Engineering,837787,1104332,good,4.5,,
Gandhi Engineering College,Odisha, Bhubaneswar,UG,200000,Electronics & Communication Engineering,1105036,1106514,good,4.5,,
Gandhi Engineering College,Odisha, Bhubaneswar,UG,200000,Electronics and Computer Engineering,895213,1104239,good,4.5,,
Gandhi Engineering College,Odisha, Bhubaneswar,UG,200000,Mechanical Engineering,754524,1106593,good,4.5,,
Gandhi Institute for Education and Technology,Odisha, Khurda,UG,200000,Civil Engineering,880599,1106307,good,4.5,,
Gandhi Institute for Education and Technology,Odisha, Khurda,UG,200000,Computer Science and Engineering,487655,1106447,good,4.5,,
Gandhi Institute for Education and Technology,Odisha, Khurda,UG,200000,Electrical and Computer Engineering,1100397,1106490,good,4.5,,
Gandhi Institute for Education and Technology,Odisha, Khurda,UG,200000,Electrical Engineering,1101000,1105713,good,4.5,,
Gandhi Institute for Education and Technology,Odisha, Khurda,UG,200000,Electronics & Communication Engineering,1102858,1106189,good,4.5,,
Gandhi Institute for Education and Technology,Odisha, Khurda,UG,200000,Mechanical Engineering,441660,1106350,good,4.5,,
Gandhi Institute for Technology GIFT,Odisha, Bhubaneswar,UG,200000,Agriculture Engineering,716470,1106567,good,4.5,,
Gandhi Institute for Technology GIFT,Odisha, Bhubaneswar,UG,200000,Computer Science and Engineering,413034,1105706,good,4.5,,
Gandhi Institute for Technology GIFT,Odisha, Bhubaneswar,UG,200000,Mechanical Engineering,829025,829025,good,4.5,,
Gandhi Institute of Advanced Computer and Research,Odisha, Raygada,UG,200000,Mechanical Engineering,1100277,1100277,good,4.5,,
Gandhi Institute of Excellent Technocrats,Odisha, Bhubaneswar,UG,200000,Civil Engineering,1101724,1101724,good,4.5,,
Gandhi Institute of Excellent Technocrats,Odisha, Bhubaneswar,UG,200000,Computer Science and Engineering,679924,1106445,good,4.5,,
Gandhi Institute of Excellent Technocrats,Odisha, Bhubaneswar,UG,200000,Electrical and Electronics Engineering,1021302,1021415,good,4.5,,
Gandhi Institute of Excellent Technocrats,Odisha, Bhubaneswar,UG,200000,Mechanical Engineering,146468,1103761,good,4.5,,
Ghanashyama Hemalata Institute of Technology and Management,Odisha, Bhubaneswar,UG,200000,Electrical Engineering,1102880,1102880,good,4.5,,
GIET University,Odisha, Gunupur,UG,200000,Computer Science and Engineering,849487,849487,good,4.5,,
GITA,Odisha, Bhubaneswar,UG,200000,Civil Engineering,928257,1105823,good,4.5,,
GITA,Odisha, Bhubaneswar,UG,200000,Computer Science & Engineering (Artificail Inteligence),360057,1102810,good,4.5,,
GITA,Odisha, Bhubaneswar,UG,200000,Computer science & Engineering (Data Science),474644,1100754,good,4.5,,
GITA,Odisha, Bhubaneswar,UG,200000,COMPUTER SCIENCE & TECHNOLOGY,639368,1106238,good,4.5,,
GITA,Odisha, Bhubaneswar,UG,200000,Computer Science and Engineering,328519,1105789,good,4.5,,
GITA,Odisha, Bhubaneswar,UG,1000000,Computer Science and Information Technology,428414,1104024,good,4.5,,
GITA,Odisha, Bhubaneswar,UG,1000000,Electrical and Electronics Engineering,943093,943093,good,4.5,,
GITA,Odisha, Bhubaneswar,UG,1000000,Electrical Engineering,890260,890260,good,4.5,,
GITA,Odisha, Bhubaneswar,UG,1000000,Electronics & Communication Engineering,618470,1104084,good,4.5,,
GITA,Odisha, Bhubaneswar,UG,1000000,Mechanical Engineering,826770,1105983,good,4.5,,
Gopal Krushna College of Engineering and Technology,Odisha, Jeypore,UG,160000,Civil Engineering,1101225,1105077,good,4.5,,
Gopal Krushna College of Engineering and Technology,Odisha, Jeypore,UG,160000,Electronics & Telecommunication Engineering,1100775,1103403,good,4.5,,
Gopal Krushna College of Engineering and Technology,Odisha, Jeypore,UG,160000,Mechanical Engineering,1105544,1105544,good,4.5,,
Hi-Tech Institute of Technology,Odisha, Bhubaneswar,UG,220000,Civil Engineering,1102379,1106152,good,4.5,,
Hi-Tech Institute of Technology,Odisha, Bhubaneswar,UG,220000,Computer Science and Engineering,605531,1106119,good,4.5,,
Hi-Tech Institute of Technology,Odisha, Bhubaneswar,UG,220000,Electrical Engineering,1100975,1100975,good,4.5,,
Hi-Tech Institute of Technology,Odisha, Bhubaneswar,UG,220000,Mechanical Engineering,979431,1106340,good,4.5,,
Indotech College of Engineering,Odisha,  KHURDA,UG,220000,Civil Engineering,1101093,1101093,good,4.5,,
Indus College of Engineering,Odisha, Bhubaneswar,UG,220000,Civil Engineering,1104400,1104400,good,4.2,,
Indus College of Engineering,Odisha, Bhubaneswar,UG,220000,Computer Science and Engineering,1102301,1104930,good,4.2,,
Jagannath Institute of Engineering and Technology,Odisha, Cuttack,UG,220000,Computer Science and Engineering,644480,644480,good,4.2,,
Jagannath Institute of Engineering and Technology,Odisha, Cuttack,UG,220000,Mechanical Engineering,1104937,1104937,good,4.2,,
Kalam Institute of Technology,Odisha, Berhampur,UG,220000,Civil Engineering,1105392,1106448,good,4.2,,
Kalam Institute of Technology,Odisha, Berhampur,UG,220000,Computer Science and Engineering,931325,1106187,good,4.2,,
Kalam Institute of Technology,Odisha, Berhampur,UG,220000,Electrical and Electronics Engineering,1101010,1106027,good,4.2,,
Kalam Institute of Technology,Odisha, Berhampur,UG,220000,Mechanical Engineering,491062,1105625,good,4.2,,
KMBB College of Engineering and Technology,Odisha, Khurda,UG,220000,Computer Science and Engineering,540487,1105864,good,4.2,,
KMBB College of Engineering and Technology,Odisha, Khurda,UG,220000,Electrical and Electronics Engineering,679546,679546,good,4.2,,
KMBB College of Engineering and Technology,Odisha, Khurda,UG,220000,Electrical Engineering,1101413,1103389,good,4.2,,
KMBB College of Engineering and Technology,Odisha, Khurda,UG,220000,Electronics & Communication Engineering,1100346,1100346,good,4.2,,
KMBB College of Engineering and Technology,Odisha, Khurda,UG,220000,Mechanical Engineering,1103888,1106039,good,4.2,,
Konark Institute of Science and Technology,Odisha, Bhubaneswar,UG,220000,Civil Engineering,399692,1106057,good,4.2,,
Konark Institute of Science and Technology,Odisha, Bhubaneswar,UG,220000,Computer Science and Engineering,376840,1105814,good,4.2,,
Konark Institute of Science and Technology,Odisha, Bhubaneswar,UG,220000,Electrical Engineering,1101089,1101089,good,4.2,,
Konark Institute of Science and Technology,Odisha, Bhubaneswar,UG,220000,Electronics & Telecommunication Engineering,943697,1106551,good,4.2,,
Konark Institute of Science and Technology,Odisha, Bhubaneswar,UG,220000,Mechanical Engineering,185534,1106441,good,4.2,,
Mahavir Institute of Engineering and Technology,Odisha, Bhubaneswar,UG,220000,Civil Engineering,1102725,1105666,good,4.2,,
Mahavir Institute of Engineering and Technology,Odisha, Bhubaneswar,UG,220000,Computer Science and Engineering,1100999,1100999,good,4.2,,
Mahavir Institute of Engineering and Technology,Odisha, Bhubaneswar,UG,220000,Electronics & Telecommunication Engineering,1102005,1104372,good,4.2,,
Mahavir Institute of Engineering and Technology,Odisha, Bhubaneswar,UG,220000,Information Technology,1103772,1103772,good,4.2,,
Mahavir Institute of Engineering and Technology,Odisha, Bhubaneswar,UG,220000,Mechanical Engineering,1106512,1106512,good,4.2,,
Majhighariani Institute of Technology and Science,Odisha, Rayagada,UG,144000,Electronics & Communication Engineering,1101004,1101004,good,4.2,,
Modern Engineering and Management Studies,Odisha, Balasore,UG,144000,Computer Science and Engineering,738105,1106038,good,4.2,,
Modern Engineering and Management Studies,Odisha, Balasore,UG,144000,Electrical Engineering,1106392,1106392,good,4.2,,
Modern Engineering and Management Studies,Odisha, Balasore,UG,144000,Electronics & Communication Engineering,1102406,1105273,good,4.2,,
Modern Engineering and Management Studies,Odisha, Balasore,UG,144000,Electronics & Instrumentation Engineering,1100861,1104373,good,4.2,,
Modern Institute of Technology and Management,Odisha, Bhubaneswar,UG,144000,Civil Engineering,1103925,1103925,good,4.2,,
Modern Institute of Technology and Management,Odisha, Bhubaneswar,UG,144000,Computer Science and Engineering,870242,1105670,good,4.2,,
Modern Institute of Technology and Management,Odisha, Bhubaneswar,UG,144000,Electronics & Communication Engineering,1105008,1105008,good,4.2,,
Modern Institute of Technology and Management,Odisha, Bhubaneswar,UG,144000,Mechanical Engineering,1106579,1106579,good,4.2,,
Nalanda Institute of Technology,Odisha, Bhubaneswar,UG,144000,Civil Engineering,762002,1106415,good,4.2,,
Nalanda Institute of Technology,Odisha, Bhubaneswar,UG,144000,Computer Science and Engineering,475343,1105925,good,4.2,,
Nalanda Institute of Technology,Odisha, Bhubaneswar,UG,144000,Electrical Engineering,836779,1106525,good,4.2,,
Nalanda Institute of Technology,Odisha, Bhubaneswar,UG,144000,Mechanical Engineering,727698,1106550,good,4.2,,
National Institute of Science and Technology,Odisha, Berhampur,UG,232000,Civil Engineering,1103211,1103211,good,3.7,,
National Institute of Science and Technology,Odisha, Berhampur,UG,232000,Computer Science and Engineering,306747,1104559,good,3.7,,
National Institute of Science and Technology,Odisha, Berhampur,UG,232000,Computer Science and Engineering(2nd shift),587374,1105374,good,3.7,,
National Institute of Science and Technology,Odisha, Berhampur,UG,232000,Electrical and Electronics Engineering,896267,896267,good,3.7,,
National Institute of Science and Technology,Odisha, Berhampur,UG,232000,Electronics & Communication Engineering,516780,1102879,good,3.7,,
National Institute of Science and Technology,Odisha, Berhampur,UG,232000,Information Technology,604882,969821,good,3.7,,
National Institute of Science and Technology,Odisha, Berhampur,UG,232000,Mechanical Engineering,955513,955513,good,3.7,,
NM Institute of Engineering and Technology,Odisha, Bhubaneswar,UG,232000,Civil Engineering,988948,1105781,good,3.7,,
NM Institute of Engineering and Technology,Odisha, Bhubaneswar,UG,232000,Computer Science and Engineering,953572,1105524,good,3.7,,
NM Institute of Engineering and Technology,Odisha, Bhubaneswar,UG,232000,Electronics & Communication Engineering,1105538,1105538,good,3.7,,
NM Institute of Engineering and Technology,Odisha, Bhubaneswar,UG,232000,Mechanical Engineering,874080,1106109,good,3.7,,
Oxford College of Engineering and Management,Odisha, Bhubaneswar,UG,232000,Civil Engineering,1104717,1106535,good,3.7,,
Oxford College of Engineering and Management,Odisha, Bhubaneswar,UG,232000,Computer Science and Engineering,850302,1106050,good,3.7,,
Oxford College of Engineering and Management,Odisha, Bhubaneswar,UG,232000,Electrical Engineering,1103520,1103520,good,3.7,,
Oxford College of Engineering and Management,Odisha, Bhubaneswar,UG,232000,Mechanical Engineering,1104907,1104962,good,3.7,,
Padmashree Krutartha Acharya College of Engineering,Odisha, Bargarh,UG,232000,Civil Engineering,1100474,1105819,good,3.7,,
Padmashree Krutartha Acharya College of Engineering,Odisha, Bargarh,UG,232000,Electrical Engineering,1101035,1106456,good,3.7,,
Padmashree Krutartha Acharya College of Engineering,Odisha, Bargarh,UG,232000,Mechanical Engineering,1100321,1103968,good,3.7,,
Piloo Modi College of Architecture,Odisha, Cuttack,UG,232000,B ARCH,16872,137341,good,3.7,,
Raajdhani Engineering College,Odisha, Bhubaneswar,UG,232000,Civil Engineering,943579,1105074,good,3.7,,
Raajdhani Engineering College,Odisha, Bhubaneswar,UG,232000,Computer Science and Engineering,596445,1106280,good,3.7,,
Raajdhani Engineering College,Odisha, Bhubaneswar,UG,232000,Electrical and Electronics Engineering,1101271,1106503,good,3.7,,
Raajdhani Engineering College,Odisha, Bhubaneswar,UG,232000,Electrical Engineering,1106071,1106071,good,3.7,,
Raajdhani Engineering College,Odisha, Bhubaneswar,UG,232000,Mechanical Engineering,1101295,1106161,good,3.7,,
Radha Krishna Institute of Engineering and Technology,Odisha, Bhubaneswar,UG,140000,Civil Engineering,1100160,1105313,good,3.7,,
Radha Krishna Institute of Engineering and Technology,Odisha, Bhubaneswar,UG,140000,Computer Science and Engineering,775121,1106571,good,3.7,,
Radha Krishna Institute of Engineering and Technology,Odisha, Bhubaneswar,UG,140000,Mechanical Engineering,1105816,1105816,good,3.7,,
Rayagada Institute of Technology & Management,Odisha, Rayagada,UG,140000,Electrical and Electronics Engineering,1100782,1100782,good,3.7,,
Roland Institute of Technology,Odisha, Berhampur,UG,140000,Computer Science and Engineering,581519,1104867,good,3.7,,
Roland Institute of Technology,Odisha, Berhampur,UG,140000,Electronics & Communication Engineering,1103097,1105837,good,3.7,,
Roland Institute of Technology,Odisha, Berhampur,UG,140000,Mechanical Engineering,1104164,1105797,good,4.3,,
Sanjaya Memorial Institute of Technology,Odisha, Berhampur,UG,140000,Civil Engineering,1101641,1106263,good,4.3,,
Sanjaya Memorial Institute of Technology,Odisha, Berhampur,UG,140000,Computer Science and Engineering,892166,1106557,good,4.3,,
Sanjaya Memorial Institute of Technology,Odisha, Berhampur,UG,140000,Electrical and Electronics Engineering,1100766,1102748,good,4.3,,
Sanjaya Memorial Institute of Technology,Odisha, Berhampur,UG,140000,Electrical Engineering,1100254,1106358,good,4.3,,
Sanjaya Memorial Institute of Technology,Odisha, Berhampur,UG,140000,Mechanical Engineering,1105175,1105484,good,4.3,,
Satyasai Engineering College,Odisha, Balasore,UG,140000,Applied Electronics & Instrumentation,1100253,1106500,good,4.3,,
Satyasai Engineering College,Odisha, Balasore,UG,140000,Civil Engineering,1103212,1105950,good,4.3,,
Satyasai Engineering College,Odisha, Balasore,UG,140000,Computer Science and Engineering,633409,1106501,good,4.3,,
Satyasai Engineering College,Odisha, Balasore,UG,140000,Electrical Engineering,1101459,1105494,good,4.3,,
Satyasai Engineering College,Odisha, Balasore,UG,140000,Electronics & Telecommunication Engineering,1101878,1104991,good,4.3,,
Satyasai Engineering College,Odisha, Balasore,UG,140000,Mechanical Engineering,1105268,1105268,good,4.3,,
Seemanta Engineering College,Odisha, Jharpokharia,UG,140000,Civil Engineering,1100783,1106516,good,4.3,,
Seemanta Engineering College,Odisha, Jharpokharia,UG,140000,Computer Science and Engineering,727622,1106446,good,4.3,,
Seemanta Engineering College,Odisha, Jharpokharia,UG,140000,Electrical and Electronics Engineering,1101927,1106558,good,4.3,,
Seemanta Engineering College,Odisha, Jharpokharia,UG,140000,Electrical Engineering,1104417,1104765,good,4.3,,
Seemanta Engineering College,Odisha, Jharpokharia,UG,144000,Electronics & Telecommunication Engineering,1100159,1105161,good,4.3,,
Seemanta Engineering College,Odisha, Jharpokharia,UG,144000,Mechanical Engineering,1102175,1105148,good,4.3,,
SGI School of Architecture,Odisha, Bhubaneswar,UG,144000,B ARCH,116602,127843,good,4.3,,
Shibani Institute of Technical Education,Odisha, Bhubaneswar,UG,144000,Civil Engineering,924143,924143,good,4.3,,
Shibani Institute of Technical Education,Odisha, Bhubaneswar,UG,144000,Computer Science and Engineering,1100664,1106488,good,4.3,,
Shibani Institute of Technical Education,Odisha, Bhubaneswar,UG,144000,Electrical Engineering,1102022,1103329,good,4.3,,
Shibani Institute of Technical Education,Odisha, Bhubaneswar,UG,144000,Mechanical Engineering,1103868,1105100,good,4.3,,
Silicon Institute of Technology,Odisha, Bhubaneswar,UG,144000,Computer Engineering,280843,874209,good,4.3,,
Silicon Institute of Technology,Odisha, Bhubaneswar,UG,144000,COMPUTER SCIENCE & TECHNOLOGY,230983,589120,good,4.3,,
Silicon Institute of Technology,Odisha, Bhubaneswar,UG,144000,Computer Science and Engineering,124702,317193,good,4.3,,
Silicon Institute of Technology,Odisha, Bhubaneswar,UG,144000,Electrical and Electronics Engineering,365270,1100506,good,4.3,,
Silicon Institute of Technology,Odisha, Bhubaneswar,UG,144000,Electronics & Communication Engineering,263422,1105150,good,4.3,,
Silicon Institute of Technology,Odisha, Bhubaneswar,UG,144000,Electronics & Instrumentation Engineering,864022,864022,good,4.3,,
Sophitorium Engineering College,Odisha, Bhubaneswar,UG,144000,Civil Engineering,1100092,1106528,good,4.3,,
Sophitorium Engineering College,Odisha, Bhubaneswar,UG,144000,Computer Science and Engineering,1103224,1106081,good,4.3,,
Sophitorium Engineering College,Odisha, Bhubaneswar,UG,144000,Electrical Engineering,1103193,1106276,good,4.3,,
Sophitorium Engineering College,Odisha, Bhubaneswar,UG,144000,Electronics & Communication Engineering,1100904,1100904,good,4.3,,
Sophitorium Engineering College,Odisha, Bhubaneswar,UG,144000,Mechanical Engineering,1100099,1106603,good,4.3,,
Spintronic Technology and Advance Research,Odisha, Bhubaneswar,UG,144000,Civil Engineering,1105658,1105658,good,4.3,,
Spintronic Technology and Advance Research,Odisha, Bhubaneswar,UG,144000,Computer Science and Engineering,1104528,1106515,good,4.3,,
Spintronic Technology and Advance Research,Odisha, Bhubaneswar,UG,144000,Mechanical Engineering,540269,1105859,good,4.3,,
Srinix College of Engineering,Odisha, Balasore,UG,144000,Civil Engineering,1106362,1106362,good,4.3,,
Srinix College of Engineering,Odisha, Balasore,UG,144000,Computer Science and Engineering,640142,1106605,good,4.3,,
Srinix College of Engineering,Odisha, Balasore,UG,144000,Electrical and Electronics Engineering,1103377,1104772,good,4.3,,
Srinix College of Engineering,Odisha, Balasore,UG,144000,Electrical Engineering,1100485,1106417,good,4.3,,
Srinix College of Engineering,Odisha, Balasore,UG,144000,Mechanical Engineering,1101220,1106536,good,4.3,,
Suddhananda Engineering and Research Centre,Odisha, Bhubaneswar,UG,144000,Civil Engineering,1104132,1104132,good,3.9,,
Suddhananda Engineering and Research Centre,Odisha, Bhubaneswar,UG,144000,Electrical Engineering,1101546,1102714,good,3.9,,
Suddhananda Engineering and Research Centre,Odisha, Bhubaneswar,UG,144000,Mechanical Engineering,1104103,1105488,good,3.9,,
Sundergarh Engineering College,Odisha, Sundergarh,UG,144000,Computer Science and Engineering,1105431,1105431,good,3.9,,
Sundergarh Engineering College,Odisha, Sundergarh,UG,144000,Electrical Engineering,1100247,1100247,good,3.9,,
Sundergarh Engineering College,Odisha, Sundergarh,UG,144000,Mechanical Engineering,1105774,1105774,good,3.9,,
Synergy Institute of Engineering and Technology,Odisha, Dhenkanal,UG,144000,Computer Science and Engineering,555708,1012973,good,3.9,,
Synergy Institute of Technology,Odisha, Bhubaneswar,UG,144000,Computer Science and Engineering,552036,990156,good,3.9,,
Synergy Institute of Technology,Odisha, Bhubaneswar,UG,144000,Electrical Engineering,1103333,1103333,good,3.9,,
Temple City Institute of Technology and Engineering,Odisha, Bhubaneswar,UG,144000,Civil Engineering,1105691,1105918,good,3.9,,
Temple City Institute of Technology and Engineering,Odisha, Bhubaneswar,UG,144000,Computer Science and Engineering,895040,1106031,good,3.9,,
Temple City Institute of Technology and Engineering,Odisha, Bhubaneswar,UG,144000,Electrical Engineering,1103623,1106569,good,3.9,,
Temple City Institute of Technology and Engineering,Odisha, Bhubaneswar,UG,144000,Electronics & Communication Engineering,1105993,1105993,good,3.9,,
Temple City Institute of Technology and Engineering,Odisha, Bhubaneswar,UG,144000,Mechanical Engineering,1102008,1102124,good,3.9,,
Trident Academy of Technology,Odisha, Bhubaneswar,UG,144000,Civil Engineering,1014263,1014263,good,3.9,,
Trident Academy of Technology,Odisha, Bhubaneswar,UG,144000,COMPUTER SCIENCE & TECHNOLOGY,644873,1102697,good,3.9,,
Trident Academy of Technology,Odisha, Bhubaneswar,UG,144000,Computer Science and Engineering,354160,1105578,good,3.9,,
Trident Academy of Technology,Odisha, Bhubaneswar,UG,144000,Computer Science and Information Technology,789912,1103421,good,3.9,,
Trident Academy of Technology,Odisha, Bhubaneswar,UG,144000,"Computer Science Engineering (Artificial Inteligence and
Machine Learning)",560710,989896,good,3.9,,
Trident Academy of Technology,Odisha, Bhubaneswar,UG,144000,Electrical Engineering,979452,979452,good,3.9,,
Trident Academy of Technology,Odisha, Bhubaneswar,UG,144000,Electronics & Telecommunication Engineering,428973,1102633,good,3.9,,
Trident Academy of Technology,Odisha, Bhubaneswar,UG,144000,Mechanical Engineering,810649,810649,good,3.9,,
Vedang Institute of Technology,Odisha, Khurda,UG,144000,Metallurgical Engineering,1106137,1106137,good,3.9,,
Vignan Institute of Technology and Management,Odisha, Berhampur,UG,144000,Computer Science and Engineering,524103,1105788,good,3.9,,
Vignan Institute of Technology and Management,Odisha, Berhampur,UG,144000,Electrical and Electronics Engineering,1100233,1104762,good,3.9,,
Vignan Institute of Technology and Management,Odisha, Berhampur,UG,144000,Electronics & Telecommunication Engineering,1103928,1103928,good,3.9,,
Vignan Institute of Technology and Management,Odisha, Berhampur,UG,144000,Mechanical Engineering,1101627,1105341,good,3.9,,
Vijayanjali Institute of Technology,Odisha, Balasore,UG,144000,Civil Engineering,845810,850395,good,3.9,,
Vijayanjali Institute of Technology,Odisha, Balasore,UG,144000,Electrical and Electronics Engineering,362054,1103595,good,3.9,,
Vijayanjali Institute of Technology,Odisha, Balasore,UG,144000,Mechanical Engineering,723103,1100646,good,3.9,,
Vikash Institute of Technology,Odisha, BARGARH,UG,144000,Civil Engineering,838739,838739,good,3.9,,
Vikash Institute of Technology,Odisha, BARGARH,UG,144000,Computer Science and Engineering,869692,1105677,good,3.9,,
Vikash Institute of Technology,Odisha, BARGARH,UG,144000,Electrical and Electronics Engineering,1102080,1103932,good,3.9,,
Vikash Institute of Technology,Odisha, BARGARH,UG,144000,Integrated MSc in Applied Chemistry,230359,230359,good,3.9,,
Vikash Institute of Technology,Odisha, BARGARH,UG,144000,Integrated MSc in Applied Physics,634537,1006554,good,3.9,,
Vikash Institute of Technology,Odisha, BARGARH,UG,144000,Integrated MSc in Mathematics and Computing,440803,440803,good,3.9,,
Vikash Institute of Technology,Odisha, BARGARH,UG,144000,Mechanical Engineering,214917,214917,good,3.9,,
VITS Engineering College,Odisha, Khurda,UG,144000,Mechanical Engineering,1104015,1104015,good,3.9,,
